Chapter,Section,Topics
1,,Representing Motion
2,,Motion in One Dimension
3,,Vectors and Motion in Two Dimensions
4,,Forces and Newton's Laws of Motion
5,,Applying Newton's Laws
6,,"Circular Motion, Orbits, and Gravity"
7,,Rotational Motion
8,,Equilibrium and Elasticity
9,,Momentum
10,,Energy and Work
11,,Using Energy
12,,Thermal Properties of Matter
13,,Fluids
14,,Oscillations
15,,Traveling Waves and Sound
16,,Superposition and Standing Waves
17,,Wave Optics
18,,Ray Optics
19,,Optical Instruments
20,,Electric Fields and Forces
21,,Electric Potential
22,,Current and Resistance
23,,Circuits
24,,Magnetic Fields and Forces
25,,Electromagnetic Induction and Electromagnetic Waves
26,,AC Electricity
27,,Relativity
28,,Quantum Physics
29,,Atoms and Molecules
30,,Nuclear Physics
